input_id,title,context,question,answer_text,answer_start
56ddde6b9a695914005b9628,orang Normandia,"Gaya pound memiliki padanan metrik, lebih jarang digunakan daripada newton: gaya kilogram (kgf) (kadang-kadang kilopond), adalah gaya yang diberikan oleh gravitasi standar pada satu kilogram massa. Gaya kilogram mengarah ke satuan massa alternatif, tetapi jarang digunakan: slug metrik (kadang-kadang mug atau hyl) adalah massa yang berakselerasi pada 1 m·s−2 ketika dikenai gaya 1 kgf. Gaya kilogram bukan bagian dari sistem SI modern, dan umumnya tidak digunakan lagi; namun masih digunakan untuk beberapa tujuan seperti menyatakan bobot pesawat, daya dorong jet, tegangan jari-jari sepeda, pengaturan kunci pas torsi, dan torsi keluaran mesin. Satuan gaya misterius lainnya termasuk sthène, yang setara dengan 1000 N, dan kip, yang setara dengan 1000 lbf.",Di negara manakah Normandia berada?,Perancis,159.0
56ddde6b9a695914005b9628,orang Normandia,"Gaya pound memiliki padanan metrik, lebih jarang digunakan daripada newton: gaya kilogram (kgf) (kadang-kadang kilopond), adalah gaya yang diberikan oleh gravitasi standar pada satu kilogram massa. Gaya kilogram mengarah ke satuan massa alternatif, tetapi jarang digunakan: slug metrik (kadang-kadang mug atau hyl) adalah massa yang berakselerasi pada 1 m·s−2 ketika dikenai gaya 1 kgf. Gaya kilogram bukan bagian dari sistem SI modern, dan umumnya tidak digunakan lagi; namun masih digunakan untuk beberapa tujuan seperti menyatakan bobot pesawat, daya dorong jet, tegangan jari-jari sepeda, pengaturan kunci pas torsi, dan torsi keluaran mesin. Satuan gaya misterius lainnya termasuk sthène, yang setara dengan 1000 N, dan kip, yang setara dengan 1000 lbf.",Di negara manakah Normandia berada?,Perancis,159.0
56ddde6b9a695914005b9628,orang Normandia,"Gaya pound memiliki padanan metrik, lebih jarang digunakan daripada newton: gaya kilogram (kgf) (kadang-kadang kilopond), adalah gaya yang diberikan oleh gravitasi standar pada satu kilogram massa. Gaya kilogram mengarah ke satuan massa alternatif, tetapi jarang digunakan: slug metrik (kadang-kadang mug atau hyl) adalah massa yang berakselerasi pada 1 m·s−2 ketika dikenai gaya 1 kgf. Gaya kilogram bukan bagian dari sistem SI modern, dan umumnya tidak digunakan lagi; namun masih digunakan untuk beberapa tujuan seperti menyatakan bobot pesawat, daya dorong jet, tegangan jari-jari sepeda, pengaturan kunci pas torsi, dan torsi keluaran mesin. Satuan gaya misterius lainnya termasuk sthène, yang setara dengan 1000 N, dan kip, yang setara dengan 1000 lbf.",Di negara manakah Normandia berada?,Perancis,159.0
56ddde6b9a695914005b9628,orang Normandia,"Gaya pound memiliki padanan metrik, lebih jarang digunakan daripada newton: gaya kilogram (kgf) (kadang-kadang kilopond), adalah gaya yang diberikan oleh gravitasi standar pada satu kilogram massa. Gaya kilogram mengarah ke satuan massa alternatif, tetapi jarang digunakan: slug metrik (kadang-kadang mug atau hyl) adalah massa yang berakselerasi pada 1 m·s−2 ketika dikenai gaya 1 kgf. Gaya kilogram bukan bagian dari sistem SI modern, dan umumnya tidak digunakan lagi; namun masih digunakan untuk beberapa tujuan seperti menyatakan bobot pesawat, daya dorong jet, tegangan jari-jari sepeda, pengaturan kunci pas torsi, dan torsi keluaran mesin. Satuan gaya misterius lainnya termasuk sthène, yang setara dengan 1000 N, dan kip, yang setara dengan 1000 lbf.",Di negara manakah Normandia berada?,Perancis,159.0
56ddde6b9a695914005b9629,orang Normandia,"Gaya pound memiliki padanan metrik, lebih jarang digunakan daripada newton: gaya kilogram (kgf) (kadang-kadang kilopond), adalah gaya yang diberikan oleh gravitasi standar pada satu kilogram massa. Gaya kilogram mengarah ke satuan massa alternatif, tetapi jarang digunakan: slug metrik (kadang-kadang mug atau hyl) adalah massa yang berakselerasi pada 1 m·s−2 ketika dikenai gaya 1 kgf. Gaya kilogram bukan bagian dari sistem SI modern, dan umumnya tidak digunakan lagi; namun masih digunakan untuk beberapa tujuan seperti menyatakan bobot pesawat, daya dorong jet, tegangan jari-jari sepeda, pengaturan kunci pas torsi, dan torsi keluaran mesin. Satuan gaya misterius lainnya termasuk sthène, yang setara dengan 1000 N, dan kip, yang setara dengan 1000 lbf.",Kapan orang Normandia di Normandia?,abad 10 dan 11,94.0
56ddde6b9a695914005b9629,orang Normandia,"Gaya pound memiliki padanan metrik, lebih jarang digunakan daripada newton: gaya kilogram (kgf) (kadang-kadang kilopond), adalah gaya yang diberikan oleh gravitasi standar pada satu kilogram massa. Gaya kilogram mengarah ke satuan massa alternatif, tetapi jarang digunakan: slug metrik (kadang-kadang mug atau hyl) adalah massa yang berakselerasi pada 1 m·s−2 ketika dikenai gaya 1 kgf. Gaya kilogram bukan bagian dari sistem SI modern, dan umumnya tidak digunakan lagi; namun masih digunakan untuk beberapa tujuan seperti menyatakan bobot pesawat, daya dorong jet, tegangan jari-jari sepeda, pengaturan kunci pas torsi, dan torsi keluaran mesin. Satuan gaya misterius lainnya termasuk sthène, yang setara dengan 1000 N, dan kip, yang setara dengan 1000 lbf.",Kapan orang Normandia di Normandia?,pada abad 10 dan 11,87.0
56ddde6b9a695914005b9629,orang Normandia,"Gaya pound memiliki padanan metrik, lebih jarang digunakan daripada newton: gaya kilogram (kgf) (kadang-kadang kilopond), adalah gaya yang diberikan oleh gravitasi standar pada satu kilogram massa. Gaya kilogram mengarah ke satuan massa alternatif, tetapi jarang digunakan: slug metrik (kadang-kadang mug atau hyl) adalah massa yang berakselerasi pada 1 m·s−2 ketika dikenai gaya 1 kgf. Gaya kilogram bukan bagian dari sistem SI modern, dan umumnya tidak digunakan lagi; namun masih digunakan untuk beberapa tujuan seperti menyatakan bobot pesawat, daya dorong jet, tegangan jari-jari sepeda, pengaturan kunci pas torsi, dan torsi keluaran mesin. Satuan gaya misterius lainnya termasuk sthène, yang setara dengan 1000 N, dan kip, yang setara dengan 1000 lbf.",Kapan orang Normandia di Normandia?,abad 10 dan 11,94.0
56ddde6b9a695914005b9629,orang Normandia,"Gaya pound memiliki padanan metrik, lebih jarang digunakan daripada newton: gaya kilogram (kgf) (kadang-kadang kilopond), adalah gaya yang diberikan oleh gravitasi standar pada satu kilogram massa. Gaya kilogram mengarah ke satuan massa alternatif, tetapi jarang digunakan: slug metrik (kadang-kadang mug atau hyl) adalah massa yang berakselerasi pada 1 m·s−2 ketika dikenai gaya 1 kgf. Gaya kilogram bukan bagian dari sistem SI modern, dan umumnya tidak digunakan lagi; namun masih digunakan untuk beberapa tujuan seperti menyatakan bobot pesawat, daya dorong jet, tegangan jari-jari sepeda, pengaturan kunci pas torsi, dan torsi keluaran mesin. Satuan gaya misterius lainnya termasuk sthène, yang setara dengan 1000 N, dan kip, yang setara dengan 1000 lbf.",Kapan orang Normandia di Normandia?,abad 10 dan 11,94.0
56ddde6b9a695914005b962a,orang Normandia,"Gaya pound memiliki padanan metrik, lebih jarang digunakan daripada newton: gaya kilogram (kgf) (kadang-kadang kilopond), adalah gaya yang diberikan oleh gravitasi standar pada satu kilogram massa. Gaya kilogram mengarah ke satuan massa alternatif, tetapi jarang digunakan: slug metrik (kadang-kadang mug atau hyl) adalah massa yang berakselerasi pada 1 m·s−2 ketika dikenai gaya 1 kgf. Gaya kilogram bukan bagian dari sistem SI modern, dan umumnya tidak digunakan lagi; namun masih digunakan untuk beberapa tujuan seperti menyatakan bobot pesawat, daya dorong jet, tegangan jari-jari sepeda, pengaturan kunci pas torsi, dan torsi keluaran mesin. Satuan gaya misterius lainnya termasuk sthène, yang setara dengan 1000 N, dan kip, yang setara dengan 1000 lbf.",Dari negara mana orang Nordik berasal?,"Denmark, Islandia dan Norwegia",256.0
56ddde6b9a695914005b962a,orang Normandia,"Gaya pound memiliki padanan metrik, lebih jarang digunakan daripada newton: gaya kilogram (kgf) (kadang-kadang kilopond), adalah gaya yang diberikan oleh gravitasi standar pada satu kilogram massa. Gaya kilogram mengarah ke satuan massa alternatif, tetapi jarang digunakan: slug metrik (kadang-kadang mug atau hyl) adalah massa yang berakselerasi pada 1 m·s−2 ketika dikenai gaya 1 kgf. Gaya kilogram bukan bagian dari sistem SI modern, dan umumnya tidak digunakan lagi; namun masih digunakan untuk beberapa tujuan seperti menyatakan bobot pesawat, daya dorong jet, tegangan jari-jari sepeda, pengaturan kunci pas torsi, dan torsi keluaran mesin. Satuan gaya misterius lainnya termasuk sthène, yang setara dengan 1000 N, dan kip, yang setara dengan 1000 lbf.",Dari negara mana orang Nordik berasal?,"Denmark, Islandia dan Norwegia",256.0
56ddde6b9a695914005b962a,orang Normandia,"Gaya pound memiliki padanan metrik, lebih jarang digunakan daripada newton: gaya kilogram (kgf) (kadang-kadang kilopond), adalah gaya yang diberikan oleh gravitasi standar pada satu kilogram massa. Gaya kilogram mengarah ke satuan massa alternatif, tetapi jarang digunakan: slug metrik (kadang-kadang mug atau hyl) adalah massa yang berakselerasi pada 1 m·s−2 ketika dikenai gaya 1 kgf. Gaya kilogram bukan bagian dari sistem SI modern, dan umumnya tidak digunakan lagi; namun masih digunakan untuk beberapa tujuan seperti menyatakan bobot pesawat, daya dorong jet, tegangan jari-jari sepeda, pengaturan kunci pas torsi, dan torsi keluaran mesin. Satuan gaya misterius lainnya termasuk sthène, yang setara dengan 1000 N, dan kip, yang setara dengan 1000 lbf.",Dari negara mana orang Nordik berasal?,"Denmark, Islandia dan Norwegia",256.0
56ddde6b9a695914005b962a,orang Normandia,"Gaya pound memiliki padanan metrik, lebih jarang digunakan daripada newton: gaya kilogram (kgf) (kadang-kadang kilopond), adalah gaya yang diberikan oleh gravitasi standar pada satu kilogram massa. Gaya kilogram mengarah ke satuan massa alternatif, tetapi jarang digunakan: slug metrik (kadang-kadang mug atau hyl) adalah massa yang berakselerasi pada 1 m·s−2 ketika dikenai gaya 1 kgf. Gaya kilogram bukan bagian dari sistem SI modern, dan umumnya tidak digunakan lagi; namun masih digunakan untuk beberapa tujuan seperti menyatakan bobot pesawat, daya dorong jet, tegangan jari-jari sepeda, pengaturan kunci pas torsi, dan torsi keluaran mesin. Satuan gaya misterius lainnya termasuk sthène, yang setara dengan 1000 N, dan kip, yang setara dengan 1000 lbf.",Dari negara mana orang Nordik berasal?,"Denmark, Islandia dan Norwegia",256.0
56ddde6b9a695914005b962b,orang Normandia,"Gaya pound memiliki padanan metrik, lebih jarang digunakan daripada newton: gaya kilogram (kgf) (kadang-kadang kilopond), adalah gaya yang diberikan oleh gravitasi standar pada satu kilogram massa. Gaya kilogram mengarah ke satuan massa alternatif, tetapi jarang digunakan: slug metrik (kadang-kadang mug atau hyl) adalah massa yang berakselerasi pada 1 m·s−2 ketika dikenai gaya 1 kgf. Gaya kilogram bukan bagian dari sistem SI modern, dan umumnya tidak digunakan lagi; namun masih digunakan untuk beberapa tujuan seperti menyatakan bobot pesawat, daya dorong jet, tegangan jari-jari sepeda, pengaturan kunci pas torsi, dan torsi keluaran mesin. Satuan gaya misterius lainnya termasuk sthène, yang setara dengan 1000 N, dan kip, yang setara dengan 1000 lbf.",Siapa pemimpin Norse?,Rollo,308.0
56ddde6b9a695914005b962b,orang Normandia,"Gaya pound memiliki padanan metrik, lebih jarang digunakan daripada newton: gaya kilogram (kgf) (kadang-kadang kilopond), adalah gaya yang diberikan oleh gravitasi standar pada satu kilogram massa. Gaya kilogram mengarah ke satuan massa alternatif, tetapi jarang digunakan: slug metrik (kadang-kadang mug atau hyl) adalah massa yang berakselerasi pada 1 m·s−2 ketika dikenai gaya 1 kgf. Gaya kilogram bukan bagian dari sistem SI modern, dan umumnya tidak digunakan lagi; namun masih digunakan untuk beberapa tujuan seperti menyatakan bobot pesawat, daya dorong jet, tegangan jari-jari sepeda, pengaturan kunci pas torsi, dan torsi keluaran mesin. Satuan gaya misterius lainnya termasuk sthène, yang setara dengan 1000 N, dan kip, yang setara dengan 1000 lbf.",Siapa pemimpin Norse?,Rollo,308.0
56ddde6b9a695914005b962b,orang Normandia,"Gaya pound memiliki padanan metrik, lebih jarang digunakan daripada newton: gaya kilogram (kgf) (kadang-kadang kilopond), adalah gaya yang diberikan oleh gravitasi standar pada satu kilogram massa. Gaya kilogram mengarah ke satuan massa alternatif, tetapi jarang digunakan: slug metrik (kadang-kadang mug atau hyl) adalah massa yang berakselerasi pada 1 m·s−2 ketika dikenai gaya 1 kgf. Gaya kilogram bukan bagian dari sistem SI modern, dan umumnya tidak digunakan lagi; namun masih digunakan untuk beberapa tujuan seperti menyatakan bobot pesawat, daya dorong jet, tegangan jari-jari sepeda, pengaturan kunci pas torsi, dan torsi keluaran mesin. Satuan gaya misterius lainnya termasuk sthène, yang setara dengan 1000 N, dan kip, yang setara dengan 1000 lbf.",Siapa pemimpin Norse?,Rollo,308.0
56ddde6b9a695914005b962b,orang Normandia,"Gaya pound memiliki padanan metrik, lebih jarang digunakan daripada newton: gaya kilogram (kgf) (kadang-kadang kilopond), adalah gaya yang diberikan oleh gravitasi standar pada satu kilogram massa. Gaya kilogram mengarah ke satuan massa alternatif, tetapi jarang digunakan: slug metrik (kadang-kadang mug atau hyl) adalah massa yang berakselerasi pada 1 m·s−2 ketika dikenai gaya 1 kgf. Gaya kilogram bukan bagian dari sistem SI modern, dan umumnya tidak digunakan lagi; namun masih digunakan untuk beberapa tujuan seperti menyatakan bobot pesawat, daya dorong jet, tegangan jari-jari sepeda, pengaturan kunci pas torsi, dan torsi keluaran mesin. Satuan gaya misterius lainnya termasuk sthène, yang setara dengan 1000 N, dan kip, yang setara dengan 1000 lbf.",Siapa pemimpin Norse?,Rollo,308.0
56ddde6b9a695914005b962c,orang Normandia,"Gaya pound memiliki padanan metrik, lebih jarang digunakan daripada newton: gaya kilogram (kgf) (kadang-kadang kilopond), adalah gaya yang diberikan oleh gravitasi standar pada satu kilogram massa. Gaya kilogram mengarah ke satuan massa alternatif, tetapi jarang digunakan: slug metrik (kadang-kadang mug atau hyl) adalah massa yang berakselerasi pada 1 m·s−2 ketika dikenai gaya 1 kgf. Gaya kilogram bukan bagian dari sistem SI modern, dan umumnya tidak digunakan lagi; namun masih digunakan untuk beberapa tujuan seperti menyatakan bobot pesawat, daya dorong jet, tegangan jari-jari sepeda, pengaturan kunci pas torsi, dan torsi keluaran mesin. Satuan gaya misterius lainnya termasuk sthène, yang setara dengan 1000 N, dan kip, yang setara dengan 1000 lbf.",Abad berapa orang Normandia pertama kali mendapatkan identitas mereka yang terpisah?,abad ke-10,671.0
56ddde6b9a695914005b962c,orang Normandia,"Gaya pound memiliki padanan metrik, lebih jarang digunakan daripada newton: gaya kilogram (kgf) (kadang-kadang kilopond), adalah gaya yang diberikan oleh gravitasi standar pada satu kilogram massa. Gaya kilogram mengarah ke satuan massa alternatif, tetapi jarang digunakan: slug metrik (kadang-kadang mug atau hyl) adalah massa yang berakselerasi pada 1 m·s−2 ketika dikenai gaya 1 kgf. Gaya kilogram bukan bagian dari sistem SI modern, dan umumnya tidak digunakan lagi; namun masih digunakan untuk beberapa tujuan seperti menyatakan bobot pesawat, daya dorong jet, tegangan jari-jari sepeda, pengaturan kunci pas torsi, dan torsi keluaran mesin. Satuan gaya misterius lainnya termasuk sthène, yang setara dengan 1000 N, dan kip, yang setara dengan 1000 lbf.",Abad berapa orang Normandia pertama kali mendapatkan identitas mereka yang terpisah?,paruh pertama abad ke-10,649.0
56ddde6b9a695914005b962c,orang Normandia,"Gaya pound memiliki padanan metrik, lebih jarang digunakan daripada newton: gaya kilogram (kgf) (kadang-kadang kilopond), adalah gaya yang diberikan oleh gravitasi standar pada satu kilogram massa. Gaya kilogram mengarah ke satuan massa alternatif, tetapi jarang digunakan: slug metrik (kadang-kadang mug atau hyl) adalah massa yang berakselerasi pada 1 m·s−2 ketika dikenai gaya 1 kgf. Gaya kilogram bukan bagian dari sistem SI modern, dan umumnya tidak digunakan lagi; namun masih digunakan untuk beberapa tujuan seperti menyatakan bobot pesawat, daya dorong jet, tegangan jari-jari sepeda, pengaturan kunci pas torsi, dan torsi keluaran mesin. Satuan gaya misterius lainnya termasuk sthène, yang setara dengan 1000 N, dan kip, yang setara dengan 1000 lbf.",Abad berapa orang Normandia pertama kali mendapatkan identitas mereka yang terpisah?,tanggal 10,671.0
56ddde6b9a695914005b962c,orang Normandia,"Gaya pound memiliki padanan metrik, lebih jarang digunakan daripada newton: gaya kilogram (kgf) (kadang-kadang kilopond), adalah gaya yang diberikan oleh gravitasi standar pada satu kilogram massa. Gaya kilogram mengarah ke satuan massa alternatif, tetapi jarang digunakan: slug metrik (kadang-kadang mug atau hyl) adalah massa yang berakselerasi pada 1 m·s−2 ketika dikenai gaya 1 kgf. Gaya kilogram bukan bagian dari sistem SI modern, dan umumnya tidak digunakan lagi; namun masih digunakan untuk beberapa tujuan seperti menyatakan bobot pesawat, daya dorong jet, tegangan jari-jari sepeda, pengaturan kunci pas torsi, dan torsi keluaran mesin. Satuan gaya misterius lainnya termasuk sthène, yang setara dengan 1000 N, dan kip, yang setara dengan 1000 lbf.",Abad berapa orang Normandia pertama kali mendapatkan identitas mereka yang terpisah?,tanggal 10,671.0
